author,title,content,x-auth-token
김성모,모집공고,만화가 지망생 구합니다,eyJhbGciOiJIUzI1NiJ9.eyJzdWIiOiIxIiwicm9sZXMiOlsiUk9MRV9VU0VSIl0sImlhdCI6MTU5MzIyODc1MiwiZXhwIjoxNTkzMzE1MTUyfQ.vRsxr9H-XDUGe3-yllTL5k6JoU7RqqgzhuekwQUfkkM
나경은,직거래합니다,어린이 장난감 싸게 팔아요.,eyJhbGciOiJIUzI1NiJ9.eyJzdWIiOiI2Iiwicm9sZXMiOlsiUk9MRV9VU0VSIl0sImlhdCI6MTU5MzIyODgyMCwiZXhwIjoxNTkzMzE1MjIwfQ.p-H-Qb0Q7J_jNgIrn4PtSETwHWTx0Z_mr0FInFOAAnA
다람쥐,다람쥐 분양합니다,다람쥐 새끼 3마리 분양합니다.,eyJhbGciOiJIUzI1NiJ9.eyJzdWIiOiI3Iiwicm9sZXMiOlsiUk9MRV9VU0VSIl0sImlhdCI6MTU5MzIyODg1OSwiZXhwIjoxNTkzMzE1MjU5fQ.W00nDdZKhpHbVyQ31VpvO5GSvVzOTh9p26qIe-rMIQI
라이언,영어 가르쳐드립니다,영국사람입니다. 잘 가르쳐드립니다.,eyJhbGciOiJIUzI1NiJ9.eyJzdWIiOiI4Iiwicm9sZXMiOlsiUk9MRV9VU0VSIl0sImlhdCI6MTU5MzIyODg5NCwiZXhwIjoxNTkzMzE1Mjk0fQ.MHe1LR_4CrpdEIdqWoTMBn3gf0Uakg8wT-7_1ULxI90
마동석,터미네이터 만들어드려요,몸짱 만들어드리겠습니다.,eyJhbGciOiJIUzI1NiJ9.eyJzdWIiOiIxMCIsInJvbGVzIjpbIlJPTEVfVVNFUiJdLCJpYXQiOjE1OTMyMjg5MzQsImV4cCI6MTU5MzMxNTMzNH0.P8GwOgxsF6qXJPBo4AEmftjjm34KgdBKjVYWn3uPmkM
바이커,오토바이 연수시켜드립니다,오토바이 잘타게 도와드립니다.,eyJhbGciOiJIUzI1NiJ9.eyJzdWIiOiIxMSIsInJvbGVzIjpbIlJPTEVfVVNFUiJdLCJpYXQiOjE1OTMyMjg5NjgsImV4cCI6MTU5MzMxNTM2OH0.Z-rIQQWDAXuxxkN_h3fKmrLs93mYyVQV_oOYrrnB82s
사샤,러시아어 가르쳐드립니다,모스크바 좋아요.,eyJhbGciOiJIUzI1NiJ9.eyJzdWIiOiIxMiIsInJvbGVzIjpbIlJPTEVfVVNFUiJdLCJpYXQiOjE1OTMyMjkwMDEsImV4cCI6MTU5MzMxNTQwMX0.zWgQ1lHA1NNW29QriAlsLzmqfMWfr8uOxgCcT2UF7dU
아이린,노래 가르쳐드립니다,케이팝 짱입니다.,eyJhbGciOiJIUzI1NiJ9.eyJzdWIiOiIxMyIsInJvbGVzIjpbIlJPTEVfVVNFUiJdLCJpYXQiOjE1OTMyMjkwMzQsImV4cCI6MTU5MzMxNTQzNH0.LOmEKDRWiKWEcEWaWPtX3FrAFN-n5XpkS1Ppkt8Vfg8
자로,검법 가르쳐드립니다,화산파 고수입니다.,eyJhbGciOiJIUzI1NiJ9.eyJzdWIiOiIxNCIsInJvbGVzIjpbIlJPTEVfVVNFUiJdLCJpYXQiOjE1OTMyMjkwNjUsImV4cCI6MTU5MzMxNTQ2NX0.tS6bGaL8I8T1pKaxGJelHjUaydeaPNPpMSTqPUw5T8Q
차두리,축구 가르쳐드립니다,국가대표 축구선수 만들어드립니다.,eyJhbGciOiJIUzI1NiJ9.eyJzdWIiOiIxNSIsInJvbGVzIjpbIlJPTEVfVVNFUiJdLCJpYXQiOjE1OTMyNTk0MDcsImV4cCI6MTU5MzM0NTgwN30.Qdu-BWCDiXhW1fnWJ2StwMCHt6Wun1gD_r1DaE2VD6M